company,segment,priority,url,suggested_buyer_titles,why_now,outreach_angle
CommerceIQ,ai-commerce-platform,1,https://www.commerceiq.ai,"VP Product; Head of Strategy; Partnerships","Already sells commerce intelligence; ARC can extend their market view into AI-agent policy monitoring.","Use ARC as a competitive-intelligence feed for brands and internal strategy."
Spangle AI,agentic-commerce-startup,1,https://spangle.ai,"CEO; Head of Product; GTM Lead","Direct overlap with agentic commerce; likely understands the value immediately.","Track which merchants are open or hostile to agentic shopping."
Agent for Ecommerce,agentic-commerce-startup,1,https://www.agentforecommerce.com/,"Founder; Product Lead; Partnerships","Built around AI shopping channels; ARC complements their pitch.","Use ARC data as merchant-readiness and policy-change intelligence."
Agency AI,ai-growth-agency,1,https://www.agencyai.app/,"Founder; Head of Growth; Client Services","Can resell insights across multiple clients.","ARC becomes a recurring client-facing monitoring layer."
ECommerce Partners,shopify-agency,1,https://ecommercepartners.com/,"CEO; VP Ecommerce; Strategy Lead","Shopify/BigCommerce agency with existing merchant base.","Use ARC to open strategy conversations with current clients."
IWD Agency,ecommerce-agency,1,https://www.iwdagency.com/,"Founder; VP Growth; Strategy Director","Large ecommerce agency footprint makes one customer worth multiple downstream accounts.","Pitch ARC as a client-retention and upsell tool."
TheGenieLab,ecommerce-agency,1,https://www.thegenielab.com/,"Founder; Partnerships; Head of Delivery","Agency across Shopify/Magento/BigCommerce.","ARC helps them package AI-commerce monitoring for clients."
ioVista,ecommerce-agency,1,https://www.iovista.com/,"CEO; Ecommerce Strategist; Partnerships","Longstanding ecommerce consultancy; likely understands competitive monitoring.","ARC gives them a new wedge for retainers."
1Digital Agency,ecommerce-agency,2,https://www.1digitalagency.com/,"Founder; Strategy Director; Sales Lead","Focused ecommerce agency with client services model.","Offer ARC as a monthly intelligence layer for accounts."
BrandMonitoring.ai,monitoring-platform,2,https://www.brandmonitoring.ai/,"Founder; Product Lead; Partnerships","Already sells monitoring; ARC is adjacent and complementary.","Position ARC as AI-agent policy monitoring for commerce."
Tommy Hilfiger,brand,2,https://www.tommyhilfiger.com,"Head of Ecommerce; VP Digital; CTO","Recognizable brand with visible agent-commerce issues in ARC data.","Lead with competitor and policy monitoring risk."
Kroger,brand,2,https://www.kroger.com,"VP Ecommerce; Digital Product; Innovation","Large grocery player where agent shopping matters.","Pitch competitor policy watchlist and change alerts."
H&M,brand,2,https://www.hm.com,"Head of Digital Commerce; Ecommerce Director; CTO","Large fashion retailer with likely interest in AI commerce readiness.","Use change monitoring + competitor benchmarking."
Home Depot,brand,2,https://www.homedepot.com,"VP Digital; Ecommerce Product; CTO","Major retailer with clear commercial value from policy visibility.","Position ARC as market intelligence, not audit."
Lowe's,brand,2,https://www.lowes.com,"VP Ecommerce; Product; Digital Strategy","Same rationale as Home Depot; easy competitor pair.","Show competitor-set monitoring angle."
Nordstrom,brand,2,https://www.nordstrom.com,"Head of Ecommerce; VP Digital; CTO","Brand likely to care about premium customer experience and competitive shifts.","Lead with competitive visibility and proof."
Wayfair,brand,2,https://www.wayfair.com,"VP Product; Ecommerce Strategy; CTO","Large online retailer; AI shopping relevance is obvious.","Pitch policy-change tracking across competitors."
Best Buy,brand,2,https://www.bestbuy.com,"VP Digital Commerce; Product; Innovation","Electronics retail is highly exposed to AI shopping behavior.","Use market-monitoring pitch."
Adidas,brand,2,https://www.adidas.com,"Head of Ecommerce; Digital Strategy; CTO","Global brand where competitive AI-agent policy changes are strategically relevant.","Lead with 'know when a competitor changes policy' framing."
lululemon,brand,2,https://www.lululemon.com,"VP Ecommerce; Digital Product; Innovation","Premium DTC brand; strong fit for competitive monitoring.","Use competitor watchlist and export/history as hook."
